original_number,new_number,new_url
83,1,https://github.com/ka0923s-a11y/HTDT/issues/1
101,2,https://github.com/ka0923s-a11y/HTDT/issues/2
118,3,https://github.com/ka0923s-a11y/HTDT/issues/3
140,4,https://github.com/ka0923s-a11y/HTDT/issues/4
142,5,https://github.com/ka0923s-a11y/HTDT/issues/5
521,6,https://github.com/ka0923s-a11y/HTDT/issues/6
578,7,https://github.com/ka0923s-a11y/HTDT/issues/7
723,8,https://github.com/ka0923s-a11y/HTDT/issues/8
724,9,https://github.com/ka0923s-a11y/HTDT/issues/9
725,10,https://github.com/ka0923s-a11y/HTDT/issues/10
726,11,https://github.com/ka0923s-a11y/HTDT/issues/11
727,12,https://github.com/ka0923s-a11y/HTDT/issues/12
728,13,https://github.com/ka0923s-a11y/HTDT/issues/13
729,14,https://github.com/ka0923s-a11y/HTDT/issues/14
730,15,https://github.com/ka0923s-a11y/HTDT/issues/15
731,16,https://github.com/ka0923s-a11y/HTDT/issues/16
732,17,https://github.com/ka0923s-a11y/HTDT/issues/17
733,18,https://github.com/ka0923s-a11y/HTDT/issues/18
735,19,https://github.com/ka0923s-a11y/HTDT/issues/19
736,20,https://github.com/ka0923s-a11y/HTDT/issues/20
740,21,https://github.com/ka0923s-a11y/HTDT/issues/21
741,22,https://github.com/ka0923s-a11y/HTDT/issues/22
743,23,https://github.com/ka0923s-a11y/HTDT/issues/23
751,24,https://github.com/ka0923s-a11y/HTDT/issues/24
752,25,https://github.com/ka0923s-a11y/HTDT/issues/25
753,26,https://github.com/ka0923s-a11y/HTDT/issues/26
754,27,https://github.com/ka0923s-a11y/HTDT/issues/27
755,28,https://github.com/ka0923s-a11y/HTDT/issues/28
756,29,https://github.com/ka0923s-a11y/HTDT/issues/29
757,30,https://github.com/ka0923s-a11y/HTDT/issues/30
758,31,https://github.com/ka0923s-a11y/HTDT/issues/31
759,32,https://github.com/ka0923s-a11y/HTDT/issues/32
760,33,https://github.com/ka0923s-a11y/HTDT/issues/33
761,34,https://github.com/ka0923s-a11y/HTDT/issues/34
762,35,https://github.com/ka0923s-a11y/HTDT/issues/35
763,36,https://github.com/ka0923s-a11y/HTDT/issues/36
764,37,https://github.com/ka0923s-a11y/HTDT/issues/37
765,38,https://github.com/ka0923s-a11y/HTDT/issues/38
766,39,https://github.com/ka0923s-a11y/HTDT/issues/39
767,40,https://github.com/ka0923s-a11y/HTDT/issues/40
768,41,https://github.com/ka0923s-a11y/HTDT/issues/41
769,42,https://github.com/ka0923s-a11y/HTDT/issues/42
770,43,https://github.com/ka0923s-a11y/HTDT/issues/43
771,44,https://github.com/ka0923s-a11y/HTDT/issues/44
772,45,https://github.com/ka0923s-a11y/HTDT/issues/45
773,46,https://github.com/ka0923s-a11y/HTDT/issues/46
774,47,https://github.com/ka0923s-a11y/HTDT/issues/47
775,48,https://github.com/ka0923s-a11y/HTDT/issues/48
776,49,https://github.com/ka0923s-a11y/HTDT/issues/49
777,50,https://github.com/ka0923s-a11y/HTDT/issues/50
778,51,https://github.com/ka0923s-a11y/HTDT/issues/51
779,52,https://github.com/ka0923s-a11y/HTDT/issues/52
780,53,https://github.com/ka0923s-a11y/HTDT/issues/53
781,54,https://github.com/ka0923s-a11y/HTDT/issues/54
782,55,https://github.com/ka0923s-a11y/HTDT/issues/55
783,56,https://github.com/ka0923s-a11y/HTDT/issues/56
784,57,https://github.com/ka0923s-a11y/HTDT/issues/57
785,58,https://github.com/ka0923s-a11y/HTDT/issues/58
786,59,https://github.com/ka0923s-a11y/HTDT/issues/59
788,60,https://github.com/ka0923s-a11y/HTDT/issues/60
789,61,https://github.com/ka0923s-a11y/HTDT/issues/61
790,62,https://github.com/ka0923s-a11y/HTDT/issues/62
791,63,https://github.com/ka0923s-a11y/HTDT/issues/63
792,64,https://github.com/ka0923s-a11y/HTDT/issues/64
793,65,https://github.com/ka0923s-a11y/HTDT/issues/65
794,66,https://github.com/ka0923s-a11y/HTDT/issues/66
801,67,https://github.com/ka0923s-a11y/HTDT/issues/67
806,68,https://github.com/ka0923s-a11y/HTDT/issues/68
807,69,https://github.com/ka0923s-a11y/HTDT/issues/69
808,70,https://github.com/ka0923s-a11y/HTDT/issues/70
809,71,https://github.com/ka0923s-a11y/HTDT/issues/71
810,72,https://github.com/ka0923s-a11y/HTDT/issues/72
811,73,https://github.com/ka0923s-a11y/HTDT/issues/73
812,74,https://github.com/ka0923s-a11y/HTDT/issues/74
813,75,https://github.com/ka0923s-a11y/HTDT/issues/75
814,76,https://github.com/ka0923s-a11y/HTDT/issues/76
815,77,https://github.com/ka0923s-a11y/HTDT/issues/77
816,78,https://github.com/ka0923s-a11y/HTDT/issues/78
817,79,https://github.com/ka0923s-a11y/HTDT/issues/79
818,80,https://github.com/ka0923s-a11y/HTDT/issues/80
819,81,https://github.com/ka0923s-a11y/HTDT/issues/81
820,82,https://github.com/ka0923s-a11y/HTDT/issues/82
821,83,https://github.com/ka0923s-a11y/HTDT/issues/83
823,84,https://github.com/ka0923s-a11y/HTDT/issues/84
824,85,https://github.com/ka0923s-a11y/HTDT/issues/85
825,86,https://github.com/ka0923s-a11y/HTDT/issues/86
826,87,https://github.com/ka0923s-a11y/HTDT/issues/87
827,88,https://github.com/ka0923s-a11y/HTDT/issues/88
828,89,https://github.com/ka0923s-a11y/HTDT/issues/89
829,90,https://github.com/ka0923s-a11y/HTDT/issues/90
830,91,https://github.com/ka0923s-a11y/HTDT/issues/91
831,92,https://github.com/ka0923s-a11y/HTDT/issues/92
832,93,https://github.com/ka0923s-a11y/HTDT/issues/93
833,94,https://github.com/ka0923s-a11y/HTDT/issues/94
839,95,https://github.com/ka0923s-a11y/HTDT/issues/95
840,96,https://github.com/ka0923s-a11y/HTDT/issues/96
841,97,https://github.com/ka0923s-a11y/HTDT/issues/97
842,98,https://github.com/ka0923s-a11y/HTDT/issues/98
843,99,https://github.com/ka0923s-a11y/HTDT/issues/99
844,100,https://github.com/ka0923s-a11y/HTDT/issues/100
845,101,https://github.com/ka0923s-a11y/HTDT/issues/101
847,102,https://github.com/ka0923s-a11y/HTDT/issues/102
848,103,https://github.com/ka0923s-a11y/HTDT/issues/103
849,104,https://github.com/ka0923s-a11y/HTDT/issues/104
850,105,https://github.com/ka0923s-a11y/HTDT/issues/105
852,106,https://github.com/ka0923s-a11y/HTDT/issues/106
853,107,https://github.com/ka0923s-a11y/HTDT/issues/107
854,108,https://github.com/ka0923s-a11y/HTDT/issues/108
856,109,https://github.com/ka0923s-a11y/HTDT/issues/109
857,110,https://github.com/ka0923s-a11y/HTDT/issues/110
858,111,https://github.com/ka0923s-a11y/HTDT/issues/111
859,112,https://github.com/ka0923s-a11y/HTDT/issues/112
860,113,https://github.com/ka0923s-a11y/HTDT/issues/113
861,114,https://github.com/ka0923s-a11y/HTDT/issues/114
862,115,https://github.com/ka0923s-a11y/HTDT/issues/115
863,116,https://github.com/ka0923s-a11y/HTDT/issues/116
864,117,https://github.com/ka0923s-a11y/HTDT/issues/117
865,118,https://github.com/ka0923s-a11y/HTDT/issues/118
866,119,https://github.com/ka0923s-a11y/HTDT/issues/119
867,120,https://github.com/ka0923s-a11y/HTDT/issues/120
868,121,https://github.com/ka0923s-a11y/HTDT/issues/121
869,122,https://github.com/ka0923s-a11y/HTDT/issues/122
870,123,https://github.com/ka0923s-a11y/HTDT/issues/123
871,124,https://github.com/ka0923s-a11y/HTDT/issues/124
872,125,https://github.com/ka0923s-a11y/HTDT/issues/125
873,126,https://github.com/ka0923s-a11y/HTDT/issues/126
874,127,https://github.com/ka0923s-a11y/HTDT/issues/127
875,128,https://github.com/ka0923s-a11y/HTDT/issues/128
876,129,https://github.com/ka0923s-a11y/HTDT/issues/129
877,130,https://github.com/ka0923s-a11y/HTDT/issues/130
878,131,https://github.com/ka0923s-a11y/HTDT/issues/131
880,132,https://github.com/ka0923s-a11y/HTDT/issues/132
886,133,https://github.com/ka0923s-a11y/HTDT/issues/133
887,134,https://github.com/ka0923s-a11y/HTDT/issues/134
888,135,https://github.com/ka0923s-a11y/HTDT/issues/135
889,136,https://github.com/ka0923s-a11y/HTDT/issues/136
890,137,https://github.com/ka0923s-a11y/HTDT/issues/137
891,138,https://github.com/ka0923s-a11y/HTDT/issues/138
892,139,https://github.com/ka0923s-a11y/HTDT/issues/139
893,140,https://github.com/ka0923s-a11y/HTDT/issues/140
894,141,https://github.com/ka0923s-a11y/HTDT/issues/141
895,142,https://github.com/ka0923s-a11y/HTDT/issues/142
896,143,https://github.com/ka0923s-a11y/HTDT/issues/143
898,144,https://github.com/ka0923s-a11y/HTDT/issues/144
899,145,https://github.com/ka0923s-a11y/HTDT/issues/145
900,146,https://github.com/ka0923s-a11y/HTDT/issues/146
901,147,https://github.com/ka0923s-a11y/HTDT/issues/147
902,148,https://github.com/ka0923s-a11y/HTDT/issues/148
903,149,https://github.com/ka0923s-a11y/HTDT/issues/149
914,150,https://github.com/ka0923s-a11y/HTDT/issues/150
915,151,https://github.com/ka0923s-a11y/HTDT/issues/151
917,152,https://github.com/ka0923s-a11y/HTDT/issues/152
918,153,https://github.com/ka0923s-a11y/HTDT/issues/153
919,154,https://github.com/ka0923s-a11y/HTDT/issues/154
920,155,https://github.com/ka0923s-a11y/HTDT/issues/155
925,156,https://github.com/ka0923s-a11y/HTDT/issues/156
926,157,https://github.com/ka0923s-a11y/HTDT/issues/157
927,158,https://github.com/ka0923s-a11y/HTDT/issues/158
930,159,https://github.com/ka0923s-a11y/HTDT/issues/159
931,160,https://github.com/ka0923s-a11y/HTDT/issues/160
932,161,https://github.com/ka0923s-a11y/HTDT/issues/161
933,162,https://github.com/ka0923s-a11y/HTDT/issues/162
934,163,https://github.com/ka0923s-a11y/HTDT/issues/163
938,164,https://github.com/ka0923s-a11y/HTDT/issues/164
939,165,https://github.com/ka0923s-a11y/HTDT/issues/165
940,166,https://github.com/ka0923s-a11y/HTDT/issues/166
941,167,https://github.com/ka0923s-a11y/HTDT/issues/167
942,168,https://github.com/ka0923s-a11y/HTDT/issues/168
945,169,https://github.com/ka0923s-a11y/HTDT/issues/169
946,170,https://github.com/ka0923s-a11y/HTDT/issues/170
947,171,https://github.com/ka0923s-a11y/HTDT/issues/171
948,172,https://github.com/ka0923s-a11y/HTDT/issues/172
949,173,https://github.com/ka0923s-a11y/HTDT/issues/173
950,174,https://github.com/ka0923s-a11y/HTDT/issues/174
951,175,https://github.com/ka0923s-a11y/HTDT/issues/175
952,176,https://github.com/ka0923s-a11y/HTDT/issues/176
953,177,https://github.com/ka0923s-a11y/HTDT/issues/177
954,178,https://github.com/ka0923s-a11y/HTDT/issues/178
955,179,https://github.com/ka0923s-a11y/HTDT/issues/179
956,180,https://github.com/ka0923s-a11y/HTDT/issues/180
958,181,https://github.com/ka0923s-a11y/HTDT/issues/181
959,182,https://github.com/ka0923s-a11y/HTDT/issues/182
960,183,https://github.com/ka0923s-a11y/HTDT/issues/183
961,184,https://github.com/ka0923s-a11y/HTDT/issues/184
962,185,https://github.com/ka0923s-a11y/HTDT/issues/185
963,186,https://github.com/ka0923s-a11y/HTDT/issues/186
964,187,https://github.com/ka0923s-a11y/HTDT/issues/187
965,188,https://github.com/ka0923s-a11y/HTDT/issues/188
966,189,https://github.com/ka0923s-a11y/HTDT/issues/189
967,190,https://github.com/ka0923s-a11y/HTDT/issues/190
968,191,https://github.com/ka0923s-a11y/HTDT/issues/191
969,192,https://github.com/ka0923s-a11y/HTDT/issues/192
970,193,https://github.com/ka0923s-a11y/HTDT/issues/193
971,194,https://github.com/ka0923s-a11y/HTDT/issues/194
972,195,https://github.com/ka0923s-a11y/HTDT/issues/195
973,196,https://github.com/ka0923s-a11y/HTDT/issues/196
974,197,https://github.com/ka0923s-a11y/HTDT/issues/197
975,198,https://github.com/ka0923s-a11y/HTDT/issues/198
976,199,https://github.com/ka0923s-a11y/HTDT/issues/199
977,200,https://github.com/ka0923s-a11y/HTDT/issues/200
978,201,https://github.com/ka0923s-a11y/HTDT/issues/201
979,202,https://github.com/ka0923s-a11y/HTDT/issues/202
980,203,https://github.com/ka0923s-a11y/HTDT/issues/203
981,204,https://github.com/ka0923s-a11y/HTDT/issues/204
982,205,https://github.com/ka0923s-a11y/HTDT/issues/205
983,206,https://github.com/ka0923s-a11y/HTDT/issues/206
984,207,https://github.com/ka0923s-a11y/HTDT/issues/207
985,208,https://github.com/ka0923s-a11y/HTDT/issues/208
986,209,https://github.com/ka0923s-a11y/HTDT/issues/209
987,210,https://github.com/ka0923s-a11y/HTDT/issues/210
988,211,https://github.com/ka0923s-a11y/HTDT/issues/211
989,212,https://github.com/ka0923s-a11y/HTDT/issues/212
990,213,https://github.com/ka0923s-a11y/HTDT/issues/213
991,214,https://github.com/ka0923s-a11y/HTDT/issues/214
992,215,https://github.com/ka0923s-a11y/HTDT/issues/215
993,216,https://github.com/ka0923s-a11y/HTDT/issues/216
994,217,https://github.com/ka0923s-a11y/HTDT/issues/217
995,218,https://github.com/ka0923s-a11y/HTDT/issues/218
996,219,https://github.com/ka0923s-a11y/HTDT/issues/219
997,220,https://github.com/ka0923s-a11y/HTDT/issues/220
1000,221,https://github.com/ka0923s-a11y/HTDT/issues/221
1001,222,https://github.com/ka0923s-a11y/HTDT/issues/222
1002,223,https://github.com/ka0923s-a11y/HTDT/issues/223
1003,224,https://github.com/ka0923s-a11y/HTDT/issues/224
1004,225,https://github.com/ka0923s-a11y/HTDT/issues/225
1005,226,https://github.com/ka0923s-a11y/HTDT/issues/226
1006,227,https://github.com/ka0923s-a11y/HTDT/issues/227
1007,228,https://github.com/ka0923s-a11y/HTDT/issues/228
1008,229,https://github.com/ka0923s-a11y/HTDT/issues/229
1009,230,https://github.com/ka0923s-a11y/HTDT/issues/230
1010,231,https://github.com/ka0923s-a11y/HTDT/issues/231
1011,232,https://github.com/ka0923s-a11y/HTDT/issues/232
1012,233,https://github.com/ka0923s-a11y/HTDT/issues/233
1013,234,https://github.com/ka0923s-a11y/HTDT/issues/234
1014,235,https://github.com/ka0923s-a11y/HTDT/issues/235
1015,236,https://github.com/ka0923s-a11y/HTDT/issues/236
1016,237,https://github.com/ka0923s-a11y/HTDT/issues/237
1017,238,https://github.com/ka0923s-a11y/HTDT/issues/238
1018,239,https://github.com/ka0923s-a11y/HTDT/issues/239
1019,240,https://github.com/ka0923s-a11y/HTDT/issues/240
1020,241,https://github.com/ka0923s-a11y/HTDT/issues/241
1022,242,https://github.com/ka0923s-a11y/HTDT/issues/242
1023,243,https://github.com/ka0923s-a11y/HTDT/issues/243
1024,244,https://github.com/ka0923s-a11y/HTDT/issues/244
1025,245,https://github.com/ka0923s-a11y/HTDT/issues/245
1026,246,https://github.com/ka0923s-a11y/HTDT/issues/246
1027,247,https://github.com/ka0923s-a11y/HTDT/issues/247
1028,248,https://github.com/ka0923s-a11y/HTDT/issues/248
1029,249,https://github.com/ka0923s-a11y/HTDT/issues/249
1030,250,https://github.com/ka0923s-a11y/HTDT/issues/250
1031,251,https://github.com/ka0923s-a11y/HTDT/issues/251
1032,252,https://github.com/ka0923s-a11y/HTDT/issues/252
1033,253,https://github.com/ka0923s-a11y/HTDT/issues/253
1034,254,https://github.com/ka0923s-a11y/HTDT/issues/254
1035,255,https://github.com/ka0923s-a11y/HTDT/issues/255
1036,256,https://github.com/ka0923s-a11y/HTDT/issues/256
1037,257,https://github.com/ka0923s-a11y/HTDT/issues/257
1038,258,https://github.com/ka0923s-a11y/HTDT/issues/258
1039,259,https://github.com/ka0923s-a11y/HTDT/issues/259
1040,260,https://github.com/ka0923s-a11y/HTDT/issues/260
1041,261,https://github.com/ka0923s-a11y/HTDT/issues/261
1042,262,https://github.com/ka0923s-a11y/HTDT/issues/262
1043,263,https://github.com/ka0923s-a11y/HTDT/issues/263
1044,264,https://github.com/ka0923s-a11y/HTDT/issues/264
1045,265,https://github.com/ka0923s-a11y/HTDT/issues/265
1046,266,https://github.com/ka0923s-a11y/HTDT/issues/266
1047,267,https://github.com/ka0923s-a11y/HTDT/issues/267
1048,268,https://github.com/ka0923s-a11y/HTDT/issues/268
1049,269,https://github.com/ka0923s-a11y/HTDT/issues/269
1050,270,https://github.com/ka0923s-a11y/HTDT/issues/270
1051,271,https://github.com/ka0923s-a11y/HTDT/issues/271
1052,272,https://github.com/ka0923s-a11y/HTDT/issues/272
1053,273,https://github.com/ka0923s-a11y/HTDT/issues/273
1054,274,https://github.com/ka0923s-a11y/HTDT/issues/274
1055,275,https://github.com/ka0923s-a11y/HTDT/issues/275
1056,276,https://github.com/ka0923s-a11y/HTDT/issues/276
1057,277,https://github.com/ka0923s-a11y/HTDT/issues/277
1058,278,https://github.com/ka0923s-a11y/HTDT/issues/278
1059,279,https://github.com/ka0923s-a11y/HTDT/issues/279
1060,280,https://github.com/ka0923s-a11y/HTDT/issues/280
1061,281,https://github.com/ka0923s-a11y/HTDT/issues/281
1062,282,https://github.com/ka0923s-a11y/HTDT/issues/282
1063,283,https://github.com/ka0923s-a11y/HTDT/issues/283
1064,284,https://github.com/ka0923s-a11y/HTDT/issues/284
1065,285,https://github.com/ka0923s-a11y/HTDT/issues/285
1066,286,https://github.com/ka0923s-a11y/HTDT/issues/286
1067,287,https://github.com/ka0923s-a11y/HTDT/issues/287
1068,288,https://github.com/ka0923s-a11y/HTDT/issues/288
1069,289,https://github.com/ka0923s-a11y/HTDT/issues/289
1070,290,https://github.com/ka0923s-a11y/HTDT/issues/290
1071,291,https://github.com/ka0923s-a11y/HTDT/issues/291
1072,292,https://github.com/ka0923s-a11y/HTDT/issues/292
1073,293,https://github.com/ka0923s-a11y/HTDT/issues/293
1074,294,https://github.com/ka0923s-a11y/HTDT/issues/294
1075,295,https://github.com/ka0923s-a11y/HTDT/issues/295
1076,296,https://github.com/ka0923s-a11y/HTDT/issues/296
1077,297,https://github.com/ka0923s-a11y/HTDT/issues/297
1078,298,https://github.com/ka0923s-a11y/HTDT/issues/298
1079,299,https://github.com/ka0923s-a11y/HTDT/issues/299
1080,300,https://github.com/ka0923s-a11y/HTDT/issues/300
1081,301,https://github.com/ka0923s-a11y/HTDT/issues/301
1082,302,https://github.com/ka0923s-a11y/HTDT/issues/302
1083,303,https://github.com/ka0923s-a11y/HTDT/issues/303
1084,304,https://github.com/ka0923s-a11y/HTDT/issues/304
1085,305,https://github.com/ka0923s-a11y/HTDT/issues/305
1086,306,https://github.com/ka0923s-a11y/HTDT/issues/306
1087,307,https://github.com/ka0923s-a11y/HTDT/issues/307
1088,308,https://github.com/ka0923s-a11y/HTDT/issues/308
1090,309,https://github.com/ka0923s-a11y/HTDT/issues/309
